title,date,url,source,matched_categories_ml,sentiment_label_ml,sentiment_confidence_ml
우리학교 조형대학  제18회 조형전 성황리 개최,입력 2025.12.01 12:54,https://press.kookmin.ac.kr/news/articleView.html?idxno=104364,kookmin_press,,긍정,0.9800358414649964
글로벌평화·통일대학원 GPU 명사특강 반기문 8대 UN 사무총장 초청,입력 2025.12.01 12:51,https://press.kookmin.ac.kr/news/articleView.html?idxno=104362,kookmin_press,,긍정,0.9483277797698976
무용·패션 더해진 ‘종합 예술’… 제2회 국민칸타타 성료,입력 2025.12.01 12:53,https://press.kookmin.ac.kr/news/articleView.html?idxno=104363,kookmin_press,,긍정,0.984963834285736
"국민대신문, 2년 연속 대학신문  생명존중 기사공모전 최우수상 수상",입력 2025.12.01 12:55,https://press.kookmin.ac.kr/news/articleView.html?idxno=104366,kookmin_press,,긍정,0.9773027896881104
"ADI-우리학교, 국제적 디자인 어워드  ‘DBEW AWARD’ 공동 기획",입력 2025.12.01 12:55,https://press.kookmin.ac.kr/news/articleView.html?idxno=104365,kookmin_press,,긍정,0.966251254081726
학생 1091명과 졸업 선배가 참여한 직무박람회,입력 2025.12.01 12:49,https://press.kookmin.ac.kr/news/articleView.html?idxno=104361,kookmin_press,,긍정,0.9520846009254456
18일(화)과 19일(수) 이틀간  학생자치기구 투표 진행,입력 2025.11.10 15:36,https://press.kookmin.ac.kr/news/articleView.html?idxno=104301,kookmin_press,,긍정,0.8125909566879272
"증기식 난방으로 인한 라디에이터 소음,  구조적 문제로 해결 어려워",입력 2025.12.01 12:34,https://press.kookmin.ac.kr/news/articleView.html?idxno=104357,kookmin_press,,부정,0.9504064917564392
"글로벌개발협력연구원, ‘KOICA- TUIT-KMU 리빙랩’ 개소식 성료",입력 2025.11.10 15:37,https://press.kookmin.ac.kr/news/articleView.html?idxno=104302,kookmin_press,,긍정,0.9351844191551208
"전공자율선택제, 만족도 높지만 학과 쏠림 현상 두드러져",입력 2025.12.01 12:32,https://press.kookmin.ac.kr/news/articleView.html?idxno=104356,kookmin_press,,긍정,0.9020127058029176
"하반기 전학대회 개최, 선거시행세칙 개정안 부결",입력 2025.11.10 15:36,https://press.kookmin.ac.kr/news/articleView.html?idxno=104300,kookmin_press,,부정,0.5169247984886169
우리학교 ‘2026년 서울캠퍼스타운 사업’ 선정,입력 2025.11.10 15:35,https://press.kookmin.ac.kr/news/articleView.html?idxno=104299,kookmin_press,,긍정,0.9791728258132936
새로운 비전과 신규 학위복 공개된 개교 79주년 축하 주간,입력 2025.11.10 15:30,https://press.kookmin.ac.kr/news/articleView.html?idxno=104296,kookmin_press,,긍정,0.8647255897521973
17일(월)부터 미래융합대학  제1전공 배정 신청,입력 2025.11.10 15:32,https://press.kookmin.ac.kr/news/articleView.html?idxno=104297,kookmin_press,,긍정,0.8351948857307434
“사고 날 뻔 했어요”… 지하세계 보행환경 개선해야,입력 2025.11.10 15:13,https://press.kookmin.ac.kr/news/articleView.html?idxno=104291,kookmin_press,,긍정,0.5228248238563538
저조한 공유 물품 회수율… 인식 개선과 제도적 노력 필요해,입력 2025.11.10 15:16,https://press.kookmin.ac.kr/news/articleView.html?idxno=104292,kookmin_press,,긍정,0.6528360843658447
학생 창업유망팀 300+ 경진대회  작년 대비 2배 이상 선발,입력 2025.09.29 15:54,https://press.kookmin.ac.kr/news/articleView.html?idxno=104259,kookmin_press,,긍정,0.9541237354278564
10주년 우리학교 알고리즘 대회 성료,입력 2025.09.29 15:53,https://press.kookmin.ac.kr/news/articleView.html?idxno=104258,kookmin_press,,긍정,0.9820114374160768
"‘이공계 연구생활장려금 지원사업’  추가 선정, 9년간 대학원생 지원",입력 2025.09.29 15:51,https://press.kookmin.ac.kr/news/articleView.html?idxno=104256,kookmin_press,,긍정,0.9816240668296814
우리학교 신설된 수시 논술전형  경쟁률 128.47:1,입력 2025.09.29 15:50,https://press.kookmin.ac.kr/news/articleView.html?idxno=104254,kookmin_press,,긍정,0.9219806790351868
KMU 핵심역량 및 전공능력 검사 실시,입력 2025.09.29 15:50,https://press.kookmin.ac.kr/news/articleView.html?idxno=104255,kookmin_press,,긍정,0.9393182396888732
"글로벌평화·통일대학원 1주년, 한반도미래연구원 10주년 기념식 성료",입력 2025.09.29 15:53,https://press.kookmin.ac.kr/news/articleView.html?idxno=104257,kookmin_press,,긍정,0.9324327707290648
회수율 저조한 공유 우산  “책임 있는 반납 부탁”,입력 2025.09.01 15:19,https://press.kookmin.ac.kr/news/articleView.html?idxno=104189,kookmin_press,,부정,0.5338250398635864
"행사마다 쌓이는 쓰레기, 자발적인 정리와 처리 방안 개선 필요",입력 2025.09.29 15:30,https://press.kookmin.ac.kr/news/articleView.html?idxno=104251,kookmin_press,,긍정,0.5580775141716003
"모두가 주인공이 되는 시간, 2025 가을연합축제 ‘CIRCO!’",입력 2025.09.29 15:18,https://press.kookmin.ac.kr/news/articleView.html?idxno=104248,kookmin_press,,긍정,0.9873318076133728
“끝이 아닌 새로운 시작”   2024학년도 후기 학위수여식 열려,입력 2025.09.01 15:18,https://press.kookmin.ac.kr/news/articleView.html?idxno=104188,kookmin_press,,긍정,0.9598463773727416
우리학교 국내 최초 양자캠퍼스 선포,입력 2025.09.01 15:14,https://press.kookmin.ac.kr/news/articleView.html?idxno=104186,kookmin_press,,긍정,0.9298245906829834
학생들이 기획·전시한 명원박물관 특별전 ‘흔적의 지도: 탁본으로 그려낸 기억’,입력 2025.09.01 15:17,https://press.kookmin.ac.kr/news/articleView.html?idxno=104187,kookmin_press,,긍정,0.932409644126892
사회과학대학  동아시아국제학부 신설 예정,입력 2025.09.01 15:12,https://press.kookmin.ac.kr/news/articleView.html?idxno=104183,kookmin_press,,긍정,0.9784906506538392
가을연합축제 ‘CIRCO!’  오는 16일(화)부터 3일간 진행,입력 2025.09.01 15:11,https://press.kookmin.ac.kr/news/articleView.html?idxno=104182,kookmin_press,,긍정,0.9685606360435486
"산림환경시스템학과, APRM 한국 유치 및 성료",입력 2025.09.01 15:11,https://press.kookmin.ac.kr/news/articleView.html?idxno=104181,kookmin_press,,긍정,0.968882143497467
"북악관 앞마당에 신축되는 지하 건물, 내년 10월 완공 목표",입력 2025.09.01 14:52,https://press.kookmin.ac.kr/news/articleView.html?idxno=104176,kookmin_press,,긍정,0.9828084111213684
총 736억 규모 대형국가과제·사업 연속 선정,입력 2025.09.01 15:10,https://press.kookmin.ac.kr/news/articleView.html?idxno=104179,kookmin_press,,긍정,0.980508029460907
논란 4년 만에  김건희 박사학위 무효 결정,입력 2025.09.01 15:10,https://press.kookmin.ac.kr/news/articleView.html?idxno=104180,kookmin_press,,부정,0.9171770811080932
"총학생회비 납부율 56.2%,  학생자치를 위한 더 많은 관심 필요해",입력 2025.09.01 14:51,https://press.kookmin.ac.kr/news/articleView.html?idxno=104175,kookmin_press,,긍정,0.8978248834609985
학내 분위기 끌어올린 해오름제 성료,입력 2025.06.02 13:03,https://press.kookmin.ac.kr/news/articleView.html?idxno=104144,kookmin_press,,긍정,0.9840052127838136
하계 계절학기 수강신청  정원 공개 시범 운영돼,입력 2025.06.02 12:55,https://press.kookmin.ac.kr/news/articleView.html?idxno=104141,kookmin_press,,긍정,0.954438090324402
북악발전위원회 논의 위한 학생 의견 수집 마쳐,입력 2025.06.02 12:56,https://press.kookmin.ac.kr/news/articleView.html?idxno=104142,kookmin_press,,긍정,0.9599536657333374
"학식 가격 인상, 학생 86% “부담된다”... 생협 “비용 상승·시설 개선으로 불가피”",입력 2025.09.01 14:48,https://press.kookmin.ac.kr/news/articleView.html?idxno=104174,kookmin_press,음식물 쓰레기 저감,긍정,0.8296492695808411
"도자공예·금속공예학과와 협업한  ‘제2회 도자공예판매전’, 성황리 마쳐",입력 2025.06.02 13:02,https://press.kookmin.ac.kr/news/articleView.html?idxno=104143,kookmin_press,,긍정,0.9856027364730836
우리학교 캠퍼스맵 ‘북악 캠퍼스 안내’ 업데이트,입력 2025.06.02 12:54,https://press.kookmin.ac.kr/news/articleView.html?idxno=104140,kookmin_press,,긍정,0.9771369099617004
교내 우산 공유 활동 시작… “우산 양심에 맡겨도 대여?”,입력 2025.05.12 14:13,https://press.kookmin.ac.kr/news/articleView.html?idxno=104102,kookmin_press,ESG 운영위원회의 다양성,긍정,0.9345108866691588
"2025 대동제 ‘LILAC’, 3일간 펼쳐진 보랏빛 캠퍼스",입력 2025.06.02 12:46,https://press.kookmin.ac.kr/news/articleView.html?idxno=104137,kookmin_press,,긍정,0.9923337697982788
"너도나도 교내 학습공간 ‘자리 맡기’ 다가오는 기말고사 기간, 해결책은?",입력 2025.06.02 12:48,https://press.kookmin.ac.kr/news/articleView.html?idxno=104138,kookmin_press,,긍정,0.7946454286575317
"소프트웨어융합대학,  ‘AI스타펠로우십 지원사업’ 선정",입력 2025.06.02 12:50,https://press.kookmin.ac.kr/news/articleView.html?idxno=104139,kookmin_press,,긍정,0.941358208656311
"돌아온 1학기 대동제,  5월 20일(화)부터 3일간 열려",입력 2025.05.12 14:13,https://press.kookmin.ac.kr/news/articleView.html?idxno=104101,kookmin_press,,긍정,0.9772555232048036
"제57대 총학생회 출범 후  첫 전학대회, 상반기 안건 모두 가결",입력 2025.05.12 14:11,https://press.kookmin.ac.kr/news/articleView.html?idxno=104099,kookmin_press,,긍정,0.9494401812553406
2026학년도 논술전형 가이드북 공개,입력 2025.05.12 14:12,https://press.kookmin.ac.kr/news/articleView.html?idxno=104100,kookmin_press,,긍정,0.8929838538169861
"전부(과) 개편, 횟수·계열 제한 없어져",입력 2025.05.12 14:09,https://press.kookmin.ac.kr/news/articleView.html?idxno=104097,kookmin_press,,긍정,0.9683945178985596
"미래융합대학, 제1회 전공탐색박람회 마쳐",입력 2025.05.12 14:10,https://press.kookmin.ac.kr/news/articleView.html?idxno=104098,kookmin_press,,긍정,0.9507390260696412
"“저는 미래융합대학 인문기술융합학부 미래융합전공 학생입니다.” 긴 단위명, 구성원들은 어떻게 생각할까?",입력 2025.05.12 14:05,https://press.kookmin.ac.kr/news/articleView.html?idxno=104095,kookmin_press,,긍정,0.8597226738929749
AI 학습 프로그램 ‘K*lass-Up’ 진행,입력 2025.04.14 13:46,https://press.kookmin.ac.kr/news/articleView.html?idxno=103972,kookmin_press,,긍정,0.9772905707359314
거래화된 시험 족보·수강신청…  학내 공정한 경쟁 저해해,입력 2025.05.12 14:08,https://press.kookmin.ac.kr/news/articleView.html?idxno=104096,kookmin_press,,부정,0.5718516111373901
신간 안내,입력 2025.04.14 13:47,https://press.kookmin.ac.kr/news/articleView.html?idxno=103973,kookmin_press,,긍정,0.8989966511726379
1학기 동아리박람회 ‘동연월드’ 마쳐,입력 2025.04.14 13:43,https://press.kookmin.ac.kr/news/articleView.html?idxno=103969,kookmin_press,,긍정,0.908531367778778
"캠퍼스타운 사업단, 최고 등급 받아",입력 2025.04.14 13:44,https://press.kookmin.ac.kr/news/articleView.html?idxno=103970,kookmin_press,,긍정,0.9827681183815002
5개 학부(과)·전공 명칭 및 소속 변경돼,입력 2025.04.14 13:43,https://press.kookmin.ac.kr/news/articleView.html?idxno=103968,kookmin_press,,긍정,0.9750165939331056
총학생회 보궐선거 기호 2번 ‘플랜’  당선,입력 2025.04.14 13:42,https://press.kookmin.ac.kr/news/articleView.html?idxno=103967,kookmin_press,,긍정,0.8473153710365295
"명원박물관, ‘국가 유산의 수집과 활용’ 특강 진행",입력 2025.04.14 13:45,https://press.kookmin.ac.kr/news/articleView.html?idxno=103971,kookmin_press,,긍정,0.9914935827255248
점자안내・점자블록 등 교내 시각장애인 보행환경 개선해야,입력 2025.04.14 13:36,https://press.kookmin.ac.kr/news/articleView.html?idxno=103965,kookmin_press,,부정,0.5327293872833252
"10명 중 9명 과제물에 생성형 AI 사용, 한 쪽짜리 학내 AI 윤리강령 개선돼야",입력 2025.04.14 13:39,https://press.kookmin.ac.kr/news/articleView.html?idxno=103966,kookmin_press,,긍정,0.951098620891571
"미래융합대학, 전공탐색 멘토 OT 마쳐",입력 2025.03.31 14:40,https://press.kookmin.ac.kr/news/articleView.html?idxno=103873,kookmin_press,,긍정,0.9399734735488892
교내 주요시설 새단장 마쳐,입력 2025.03.31 14:32,https://press.kookmin.ac.kr/news/articleView.html?idxno=103871,kookmin_press,,긍정,0.9837684035301208
셔틀버스 이용 방법 변경… 탑승 시 전용 앱 필수,입력 2025.03.31 14:34,https://press.kookmin.ac.kr/news/articleView.html?idxno=103872,kookmin_press,,긍정,0.8694242835044861
경영대학 일부 다·부전공 선이수 과목 및 성적 조건 폐지,입력 2025.03.31 14:30,https://press.kookmin.ac.kr/news/articleView.html?idxno=103870,kookmin_press,,긍정,0.9796863198280334
"차세대통신사업단,  연간 102억 지원받는 COSS 2단계 진입",입력 2025.03.31 14:27,https://press.kookmin.ac.kr/news/articleView.html?idxno=103869,kookmin_press,,긍정,0.9462761878967284
정문 앞 탄핵 찬반 집회 열려,입력 2025.03.31 14:25,https://press.kookmin.ac.kr/news/articleView.html?idxno=103868,kookmin_press,,긍정,0.6086694002151489
주차요금 개편… 요금제 인상 및 신설,입력 2025.03.04 15:02,https://press.kookmin.ac.kr/news/articleView.html?idxno=103805,kookmin_press,,긍정,0.8771589398384094
장점 못 살리는 ‘북악 캠퍼스 안내’ 캠퍼스맵 개선 필요해,입력 2025.03.31 14:23,https://press.kookmin.ac.kr/news/articleView.html?idxno=103867,kookmin_press,,긍정,0.7130603790283203
"4월 1·2일 투표, 총학생회 7년 만에 경선",입력 2025.03.31 14:19,https://press.kookmin.ac.kr/news/articleView.html?idxno=103866,kookmin_press,,긍정,0.9656245112419128
"글로벌영어,  졸업 필수 교과목에서 제외됐다",입력 2025.03.04 15:01,https://press.kookmin.ac.kr/news/articleView.html?idxno=103804,kookmin_press,,긍정,0.9204623699188232
국민대신문과 함께할 76기 수습기자를 모집합니다.,입력 2025.03.04 15:01,https://press.kookmin.ac.kr/news/articleView.html?idxno=103803,kookmin_press,,긍정,0.7970778942108154
"자동차융합대학, COSS 사업 WE-Meet 프로젝트 1위·2위 모두 수상 쾌거",입력 2025.03.04 14:58,https://press.kookmin.ac.kr/news/articleView.html?idxno=103799,kookmin_press,,긍정,0.9650506377220154
25학번 신입생 맞이 행사 성료,입력 2025.03.04 14:52,https://press.kookmin.ac.kr/news/articleView.html?idxno=103797,kookmin_press,,긍정,0.9785813689231871
정승렬 총장 신입생 환영사,입력 2025.03.04 14:45,https://press.kookmin.ac.kr/news/articleView.html?idxno=103795,kookmin_press,,긍정,0.9925376772880554
전공자율선택제 정시 경쟁률 4.56:1,입력 2025.03.04 14:58,https://press.kookmin.ac.kr/news/articleView.html?idxno=103800,kookmin_press,,긍정,0.878006100654602
‘KMU 모의논술문제 테스트’ 마쳐,입력 2025.03.04 14:56,https://press.kookmin.ac.kr/news/articleView.html?idxno=103798,kookmin_press,,긍정,0.7944452166557312
"길음역은 하루 39회, 불광역은 2회?  셔틀버스 노선 일부 개편된다",입력 2025.03.04 14:34,https://press.kookmin.ac.kr/news/articleView.html?idxno=103790,kookmin_press,,긍정,0.8285156488418579
461km와 30km가 똑같은 지방? 생활관 선발 기준 개선 및 공개 필요해,입력 2025.03.04 14:29,https://press.kookmin.ac.kr/news/articleView.html?idxno=103788,kookmin_press,,부정,0.6489267945289612
"“이젠 안녕”, 2024학년도 전기 학위수여식 진행",입력 2025.03.04 14:38,https://press.kookmin.ac.kr/news/articleView.html?idxno=103794,kookmin_press,,긍정,0.8815849423408508
"신규 디자인 학생증,  2차 사전 신청 진행 중",입력 2025.03.04 14:36,https://press.kookmin.ac.kr/news/articleView.html?idxno=103793,kookmin_press,,긍정,0.8873307108879089
"17년 만에 등록금 동결 깨졌다… 내국인 3.8%, 외국인 2.5% 올라",입력 2025.03.04 14:23,https://press.kookmin.ac.kr/news/articleView.html?idxno=103786,kookmin_press,,긍정,0.947716474533081
"조형·예술대학, 졸업 전시회와 연주회 진행",입력 2024.12.02 14:24,https://press.kookmin.ac.kr/news/articleView.html?idxno=103737,kookmin_press,,긍정,0.8832830190658569
30주년 맞은 목요특강,입력 2024.12.02 14:11,https://press.kookmin.ac.kr/news/articleView.html?idxno=103734,kookmin_press,,긍정,0.9479976892471312
회화전공 졸업전시,입력 2024.12.02 14:19,https://press.kookmin.ac.kr/news/articleView.html?idxno=103735,kookmin_press,,긍정,0.8258854150772095
"2024 학생처장기 북악리그 종료, 우승 팀과 득점왕은 누구?",입력 2024.12.02 14:09,https://press.kookmin.ac.kr/news/articleView.html?idxno=103733,kookmin_press,,긍정,0.9599141478538512
"우리학교 교수 61명 시국선언 발표,  ""국민 위한 대통령 결단 촉구""",입력 2024.12.02 14:06,https://press.kookmin.ac.kr/news/articleView.html?idxno=103729,kookmin_press,,긍정,0.6630352139472961
"중앙일보 대학평가, 어떤 영향 있나?",입력 2024.12.02 14:07,https://press.kookmin.ac.kr/news/articleView.html?idxno=103732,kookmin_press,,긍정,0.8926264643669128
"우리학교와 타슈켄트정보통신대학,  'ICISCT 2024' 국제학술대회 공동 개최",입력 2024.12.02 13:59,https://press.kookmin.ac.kr/news/articleView.html?idxno=103724,kookmin_press,,긍정,0.9498772025108336
제1회 '국민대학교 감사의 밤' 성료,입력 2024.12.02 14:02,https://press.kookmin.ac.kr/news/articleView.html?idxno=103726,kookmin_press,,긍정,0.9769346714019777
오늘 학식 메뉴는 뭔가요?  제2회 '국민 요리왕' 우승작 '타코인비빔',입력 2024.12.02 14:00,https://press.kookmin.ac.kr/news/articleView.html?idxno=103725,kookmin_press,음식물 쓰레기 저감,긍정,0.927135705947876
"HUSS 기후변화대응사업단,  환경재단과 업무협약 체결",입력 2024.11.11 14:14,https://press.kookmin.ac.kr/news/articleView.html?idxno=103667,kookmin_press,"지역사회 ESG 파트너십,ESG 관련 캠페인,ESG 교육과정 및 교수학습 방법",긍정,0.8940779566764832
내년 '공학설계' 수업부터  첨단산업 표준융합강좌 개설,입력 2024.11.11 14:15,https://press.kookmin.ac.kr/news/articleView.html?idxno=103668,kookmin_press,,긍정,0.970035970211029
새로운 전과(부) 제도 '오메가(Ω)스쿨'  3·4차 설명회 예정,입력 2024.11.11 14:16,https://press.kookmin.ac.kr/news/articleView.html?idxno=103669,kookmin_press,,긍정,0.9557718634605408
"2024 중앙일보 대학평가 종합 13위, 전년 대비 세 계단 상승",입력 2024.12.02 13:57,https://press.kookmin.ac.kr/news/articleView.html?idxno=103723,kookmin_press,,긍정,0.9881594181060792
"하루 8.76건 접수되는 생활관 수리 요청, 교내생활관이 63% 차지",입력 2024.12.02 13:52,https://press.kookmin.ac.kr/news/articleView.html?idxno=103722,kookmin_press,,긍정,0.5507176518440247
학생증 디자인 공모전 수상작 선정 내년부터 새 학생증 도입,입력 2024.11.11 14:10,https://press.kookmin.ac.kr/news/articleView.html?idxno=103665,kookmin_press,,긍정,0.7917580008506775
신입생 9.4%가 작년에 학교 떠나… '중도 탈락'막지 못했다,입력 2024.11.11 13:56,https://press.kookmin.ac.kr/news/articleView.html?idxno=103662,kookmin_press,,부정,0.505293071269989
"건축대학, 50주년 기념행사 진행",입력 2024.11.11 14:12,https://press.kookmin.ac.kr/news/articleView.html?idxno=103666,kookmin_press,,긍정,0.9798571467399596
"신장식 교수,  명원박물관에서 기획특별전 마쳐",입력 2024.11.11 14:02,https://press.kookmin.ac.kr/news/articleView.html?idxno=103664,kookmin_press,,긍정,0.9566596746444702
'또' 비대위… 저조한 학생자치     참여 끌어올릴 방법은?,입력 2024.11.11 13:58,https://press.kookmin.ac.kr/news/articleView.html?idxno=103663,kookmin_press,,긍정,0.7413263916969299
국민대학교 교수회 주최 [아이디어 및 콘텐츠 공모전],입력 2024.10.14 13:29,https://press.kookmin.ac.kr/news/articleView.html?idxno=103643,kookmin_press,,긍정,0.7269555330276489
"경력개발지원단, 하반기 집중 취업 지원 기간 프로그램 진행",입력 2024.10.14 13:22,https://press.kookmin.ac.kr/news/articleView.html?idxno=103640,kookmin_press,,긍정,0.952637016773224
"우리학교 공동기기원, 실험동물센터 개소",입력 2024.10.14 13:21,https://press.kookmin.ac.kr/news/articleView.html?idxno=103639,kookmin_press,유해 폐기물관리,긍정,0.9622637033462524
"동문 음악회 <국민 Cantata>, 오는 31일 개최",입력 2024.10.14 13:16,https://press.kookmin.ac.kr/news/articleView.html?idxno=103637,kookmin_press,,긍정,0.9762303829193116
'KMU Pride Week!' 개교 78주년 축하 주간 진행 중,입력 2024.10.14 13:10,https://press.kookmin.ac.kr/news/articleView.html?idxno=103635,kookmin_press,,긍정,0.9702420234680176
"하반기 전학대회 개최, 상반기 결산(안) 부결",입력 2024.10.14 13:19,https://press.kookmin.ac.kr/news/articleView.html?idxno=103638,kookmin_press,,긍정,0.6087847948074341
"성곡도서관, 2023 대학도서관 평가 특성화 부문 우수기관상 수상",입력 2024.10.14 13:15,https://press.kookmin.ac.kr/news/articleView.html?idxno=103636,kookmin_press,,긍정,0.9658997058868408
새 학기 맞아 진행된 동아리박람회,입력 2024.09.23 13:36,https://press.kookmin.ac.kr/news/articleView.html?idxno=103568,kookmin_press,,긍정,0.9370968341827391
"전국 대학생 통일토론 경연대회,  오는 11월 2일(토)까지 서류 접수",입력 2024.09.23 13:37,https://press.kookmin.ac.kr/news/articleView.html?idxno=103569,kookmin_press,,긍정,0.9019922018051147
"제7회 국민대학교 자율주행경진대회서 우리학교 학생팀 1, 2등 기록",입력 2024.09.23 13:39,https://press.kookmin.ac.kr/news/articleView.html?idxno=103570,kookmin_press,,긍정,0.8980011940002441
"'위험천만' 교내 전동 킥보드, 이용자·업체·학교 안전의식 길러야",입력 2024.10.14 12:52,https://press.kookmin.ac.kr/news/articleView.html?idxno=103631,kookmin_press,,긍정,0.8218328356742859
"학생생활상담센터, 일상회복(Self-care) 프로그램 운영",입력 2024.10.14 12:58,https://press.kookmin.ac.kr/news/articleView.html?idxno=103634,kookmin_press,,긍정,0.9647733569145204
"국민대방송국 BBS, 48번째 방송제개최",입력 2024.09.23 13:34,https://press.kookmin.ac.kr/news/articleView.html?idxno=103567,kookmin_press,,긍정,0.939143180847168
"2025학년도 수시모집, 최종 경쟁률 13.06:1",입력 2024.09.23 13:34,https://press.kookmin.ac.kr/news/articleView.html?idxno=103566,kookmin_press,,긍정,0.8876141905784607
"교내 음식물 처리 문제,  구성원 모두의 노력이 필요한 때",입력 2024.09.23 13:28,https://press.kookmin.ac.kr/news/articleView.html?idxno=103565,kookmin_press,"음식물 쓰레기 저감,폐기물 배출",부정,0.7068148851394653
명원박물관 'THE IMAGINATION TIME IN THE IMAGE' 전시 마쳐,입력 2024.09.23 11:46,https://press.kookmin.ac.kr/news/articleView.html?idxno=103564,kookmin_press,,긍정,0.9793230295181274
평생교육프로그램 '2024 공간아카데미' 종로구와 합동 운영,입력 2024.09.02 15:05,https://press.kookmin.ac.kr/news/articleView.html?idxno=103500,kookmin_press,,긍정,0.9908278584480286
인문·사회 단과대학 통합행정실 신설,입력 2024.09.23 11:43,https://press.kookmin.ac.kr/news/articleView.html?idxno=103562,kookmin_press,,긍정,0.939407765865326
"건축디자인학과, 학과 단위 최초로   건축학교육 프로그램 3년 인증 획득",입력 2024.09.23 11:45,https://press.kookmin.ac.kr/news/articleView.html?idxno=103563,kookmin_press,,긍정,0.979540765285492
"더위만큼 뜨거웠던 우리의 열정을 담아, 2024 가을축제'BPM'",입력 2024.09.23 11:37,https://press.kookmin.ac.kr/news/articleView.html?idxno=103561,kookmin_press,,긍정,0.990131139755249
제16대 국립중앙박물관장에 김재홍 교수 임명,입력 2024.09.03 10:41,https://press.kookmin.ac.kr/news/articleView.html?idxno=103525,kookmin_press,,긍정,0.9498397707939148
"건축대학, 서울시 공동 주거 프로젝트서 정릉의 지역성 담아내",입력 2024.09.02 15:05,https://press.kookmin.ac.kr/news/articleView.html?idxno=103499,kookmin_press,,긍정,0.9484673738479614
"추억 안고서 더 큰 꿈을 향해, 2023학년도 후기 학위수여식 진행",입력 2024.09.02 15:03,https://press.kookmin.ac.kr/news/articleView.html?idxno=103498,kookmin_press,,긍정,0.9356222748756408
2023 교육수요자 만족도 조사 결과 발표 및 개선 계획 공개,입력 2024.09.02 15:01,https://press.kookmin.ac.kr/news/articleView.html?idxno=103496,kookmin_press,,긍정,0.9111224412918092
"올해 첫 축제 'BPM', 오는 10일(화)부터 3일간 진행",입력 2024.09.02 14:54,https://press.kookmin.ac.kr/news/articleView.html?idxno=103492,kookmin_press,,긍정,0.979516625404358
"교내 흡연구역, 장소 이전 및 재정비",입력 2024.09.02 15:00,https://press.kookmin.ac.kr/news/articleView.html?idxno=103495,kookmin_press,,긍정,0.9659907817840576
"미래융합대학 신설 예정, 전공자율선택제 본격화",입력 2024.09.02 14:58,https://press.kookmin.ac.kr/news/articleView.html?idxno=103494,kookmin_press,,긍정,0.8562062382698059
정승렬 총장 학위수여식 축하 메세지,입력 2024.09.02 14:56,https://press.kookmin.ac.kr/news/articleView.html?idxno=103493,kookmin_press,,긍정,0.9870031476020812
인문사회 융합인재양성사업서 글로벌‧공생 분야 참여대학 선정,입력 2024.09.02 14:52,https://press.kookmin.ac.kr/news/articleView.html?idxno=103490,kookmin_press,,긍정,0.8848935961723328
"임시 전학대회 개최, 배소윤 비상대책위원장 인준 가결",입력 2024.09.02 13:47,https://press.kookmin.ac.kr/news/articleView.html?idxno=103481,kookmin_press,,긍정,0.8674091696739197
"'폭발 한 번에 880대 피해' 전기차 화재, 우리학교는 안전한가?",입력 2024.09.02 13:32,https://press.kookmin.ac.kr/news/articleView.html?idxno=103473,kookmin_press,,긍정,0.6714737415313721
"통합경비시스템 도입, 출입‧경비 방식 달라졌다",입력 2024.09.02 13:16,https://press.kookmin.ac.kr/news/articleView.html?idxno=103468,kookmin_press,,긍정,0.9580361843109132
"명원박물관, 탁본 전시회 '묵으로 남긴 기억' 개최",입력 2024.06.03 13:31,https://press.kookmin.ac.kr/news/articleView.html?idxno=103433,kookmin_press,,긍정,0.9316974878311156
"조형대학, 제24회 전국 고등학생  조형실기대회 개최",입력 2024.06.03 13:34,https://press.kookmin.ac.kr/news/articleView.html?idxno=103435,kookmin_press,,긍정,0.978236198425293
"논술 전형 신설·학교생활우수자 전형 폐지,  2026학년도 대입전형계획 발표",입력 2024.06.03 13:29,https://press.kookmin.ac.kr/news/articleView.html?idxno=103430,kookmin_press,,긍정,0.8551130890846252
교내 화장실 위생용품 부족으로  한동안 불편 겪어,입력 2024.06.03 13:32,https://press.kookmin.ac.kr/news/articleView.html?idxno=103434,kookmin_press,,긍정,0.8481684327125549
"대학일자리플러스센터, 고용서비스 통합네트워크 참여",입력 2024.06.03 13:30,https://press.kookmin.ac.kr/news/articleView.html?idxno=103432,kookmin_press,,긍정,0.9575170874595642
'제1회 국민대학교 도자공예판매전' 성황리에 마쳐,입력 2024.06.03 13:27,https://press.kookmin.ac.kr/news/articleView.html?idxno=103427,kookmin_press,,긍정,0.9786537289619446
자동차융합대학 10주년 기념식 열려,입력 2024.06.03 13:23,https://press.kookmin.ac.kr/news/articleView.html?idxno=103426,kookmin_press,,긍정,0.97334486246109
"예술대학, 환경보호 주제로 연주회 개최",입력 2024.06.03 13:29,https://press.kookmin.ac.kr/news/articleView.html?idxno=103429,kookmin_press,,긍정,0.9815873503684998
"연기 끝에 치러진 제17차 전학대회,  총학생회 비상대책위원장 인준 부결돼",입력 2024.06.03 13:23,https://press.kookmin.ac.kr/news/articleView.html?idxno=103425,kookmin_press,,긍정,0.5135947465896606
"계절학기 수강신청,   시스템 오류로 학생들 불편 겪어",입력 2024.06.03 13:28,https://press.kookmin.ac.kr/news/articleView.html?idxno=103428,kookmin_press,,부정,0.8246533274650574
'생성AI 선도인재양성 사업' 선정,입력 2024.06.03 13:21,https://press.kookmin.ac.kr/news/articleView.html?idxno=103424,kookmin_press,지역사회 ESG 파트너십,긍정,0.9813986420631408
"생활협동조합,  제13차 정기 대의원총회 개최",입력 2024.06.03 13:20,https://press.kookmin.ac.kr/news/articleView.html?idxno=103423,kookmin_press,,긍정,0.8103266358375549
제1회 국민대학교 도자공예판매전,입력 2024.05.13 14:04,https://press.kookmin.ac.kr/news/articleView.html?idxno=103386,kookmin_press,,긍정,0.8136999011039734
"무산된 대동제의 빈자리,  해오름제가 메우다",입력 2024.06.03 13:20,https://press.kookmin.ac.kr/news/articleView.html?idxno=103422,kookmin_press,,긍정,0.9437302947044371
'고교교육 기여대학 지원사업' 계속 지원 대상 선정,입력 2024.06.03 13:18,https://press.kookmin.ac.kr/news/articleView.html?idxno=103421,kookmin_press,,긍정,0.9428908824920654
"유명무실한 금연구역, 무분별한 흡연 멈춰야 할 때",입력 2024.06.03 13:14,https://press.kookmin.ac.kr/news/articleView.html?idxno=103420,kookmin_press,,긍정,0.6467126607894897
제22대 국회의원선거에서 우리학교 학부·행정대학원 동문 9인 당선,입력 2024.05.13 13:54,https://press.kookmin.ac.kr/news/articleView.html?idxno=103384,kookmin_press,,긍정,0.9109360575675964
"우리학교, 산림청 '산사태 통합관리 전문인력양성센터' 지정",입력 2024.05.13 13:55,https://press.kookmin.ac.kr/news/articleView.html?idxno=103385,kookmin_press,,긍정,0.9625016450881958
"무용전공, 종합예술연구소 주최  가족무용극 <개구쟁이와 마법사> 성료",입력 2024.05.13 13:39,https://press.kookmin.ac.kr/news/articleView.html?idxno=103383,kookmin_press,,긍정,0.9828039407730104
쾌적한 북악관 야외 공간을 위한  모두의 노력 필요해,입력 2024.05.13 13:32,https://press.kookmin.ac.kr/news/articleView.html?idxno=103381,kookmin_press,,긍정,0.9308011531829834
"일반대학원,  2024학년도 후기 신입생 모집",입력 2024.05.13 13:31,https://press.kookmin.ac.kr/news/articleView.html?idxno=103380,kookmin_press,,긍정,0.896735668182373
"우리학교 동양문화디자인연구소, '2024 DBEW 전시회' 공동 주최",입력 2024.05.13 13:29,https://press.kookmin.ac.kr/news/articleView.html?idxno=103378,kookmin_press,,긍정,0.9613026976585388
'에브리타임'은 올바른 학내 공론장 될 수 있을까,입력 2024.05.13 13:28,https://press.kookmin.ac.kr/news/articleView.html?idxno=103377,kookmin_press,,긍정,0.945977509021759
"홍승현 교수 연구팀,  수계배터리 성능향상 기술 개발",입력 2024.05.13 13:30,https://press.kookmin.ac.kr/news/articleView.html?idxno=103379,kookmin_press,에너지 사용 절감 및 체계적 관리,긍정,0.9850035905838012
대학일자리플러스센터사업  운영대학으로 재선정된 우리학교,입력 2024.04.15 14:26,https://press.kookmin.ac.kr/news/articleView.html?idxno=103357,kookmin_press,,긍정,0.9912927746772766
"임시형 교수 연구팀, 하이브리드 가스크로마토그래피 칩 개발",입력 2024.04.15 14:29,https://press.kookmin.ac.kr/news/articleView.html?idxno=103359,kookmin_press,,긍정,0.989216685295105
"국민*인의 창의력 아지트,  K* CREATOR ROOM 4월 중 오픈 예정",입력 2024.04.15 14:28,https://press.kookmin.ac.kr/news/articleView.html?idxno=103358,kookmin_press,,긍정,0.985089123249054
"81.5%""확대 원한다"",  우리학교 원격수업 현주소는",입력 2024.04.15 14:23,https://press.kookmin.ac.kr/news/articleView.html?idxno=103355,kookmin_press,,긍정,0.8885422945022583
'지식재산의 전략적 사업화 지원사업' 신규 선정,입력 2024.04.15 14:24,https://press.kookmin.ac.kr/news/articleView.html?idxno=103356,kookmin_press,지역사회 ESG 파트너십,긍정,0.975691258907318
단과대학과 학부(과)·전공  학생회장단 보궐선거 마쳐,입력 2024.04.15 13:27,https://press.kookmin.ac.kr/news/articleView.html?idxno=103348,kookmin_press,,긍정,0.9606996178627014
2024학년도 1학기 연계·융합 전공 설명회 개최,입력 2024.04.15 13:26,https://press.kookmin.ac.kr/news/articleView.html?idxno=103347,kookmin_press,,긍정,0.8951987028121948
"통일 교육을 선도하는 우리학교,  통일 학술회의·콘서트 개최",입력 2024.04.15 13:28,https://press.kookmin.ac.kr/news/articleView.html?idxno=103349,kookmin_press,,긍정,0.9306607246398926
"시들어버린 학생자치,  이제는 다시 피어오를 때",입력 2024.04.15 13:06,https://press.kookmin.ac.kr/news/articleView.html?idxno=103346,kookmin_press,,긍정,0.8586652874946594
"우리학교, 나무의사 양성기관 지정",입력 2024.04.15 14:17,https://press.kookmin.ac.kr/news/articleView.html?idxno=103353,kookmin_press,,긍정,0.9732617139816284
KMU's Dormitory: Big Changes,입력 2024.04.08 13:17,https://press.kookmin.ac.kr/news/articleView.html?idxno=103332,kookmin_press,,긍정,0.924346685409546
"성곡도서관, 학생들의 학습과 연구를 위한 공간으로 재탄생",입력 2024.03.25 15:22,https://press.kookmin.ac.kr/news/articleView.html?idxno=103309,kookmin_press,,긍정,0.968353509902954
"총학생회 보궐선거, 끝내 무산",입력 2024.03.25 15:18,https://press.kookmin.ac.kr/news/articleView.html?idxno=103306,kookmin_press,,부정,0.8039359450340271
"예술대학 매점과 카페, 생협 브랜드 쿱스켓과 카페나무로 새 단장",입력 2024.03.25 15:20,https://press.kookmin.ac.kr/news/articleView.html?idxno=103308,kookmin_press,,긍정,0.983453094959259
"여학생들의 꿈을 응원하다, 제18회  차세대 여성리더 장학금 수여식",입력 2024.03.25 15:18,https://press.kookmin.ac.kr/news/articleView.html?idxno=103307,kookmin_press,,긍정,0.9632994532585144
"우리학교, 학생들의 부담 완화를 위한 주거협약 체결",입력 2024.03.25 15:17,https://press.kookmin.ac.kr/news/articleView.html?idxno=103305,kookmin_press,,긍정,0.9360352158546448
"천원의 아침밥,  올해부터 150명까지 확대",입력 2024.03.25 15:14,https://press.kookmin.ac.kr/news/articleView.html?idxno=103303,kookmin_press,,긍정,0.9916604161262512
"예기치 못한 변동, 수강신청 무슨일이 있었나?",입력 2024.03.25 15:16,https://press.kookmin.ac.kr/news/articleView.html?idxno=103304,kookmin_press,,부정,0.6628611087799072
새 발걸음을 응원하는 2024학년도 입학식,입력 2024.03.25 15:11,https://press.kookmin.ac.kr/news/articleView.html?idxno=103300,kookmin_press,,긍정,0.9090718030929564
"우리학교, 통일교육 선도대학  운영 중간 평가에서 S등급 획득",입력 2024.03.25 15:13,https://press.kookmin.ac.kr/news/articleView.html?idxno=103302,kookmin_press,,긍정,0.9926872253417968
"""학점 제한 없이 희망 전공 선택""     2025학년도 전공자율선택제 시행",입력 2024.03.25 15:10,https://press.kookmin.ac.kr/news/articleView.html?idxno=103299,kookmin_press,,긍정,0.9321810603141784
"켜켜이 쌓아 올린 모두의 결실,  <국민대신문> 1000호 기념식 개최",입력 2024.03.25 15:13,https://press.kookmin.ac.kr/news/articleView.html?idxno=103301,kookmin_press,,긍정,0.9893053770065308
사회의 물결 속으로… 2023학년도 전기 학위수여식 진행,입력 2024.03.04 14:08,https://press.kookmin.ac.kr/news/articleView.html?idxno=103255,kookmin_press,,긍정,0.9349576234817504
"북악마켓, 환경보호의 시작을 열다",입력 2024.03.04 14:12,https://press.kookmin.ac.kr/news/articleView.html?idxno=103258,kookmin_press,폐기물 배출,긍정,0.9728243350982666
새로운 Dot-LED 디스플레이 기술 개발,입력 2024.03.04 14:09,https://press.kookmin.ac.kr/news/articleView.html?idxno=103256,kookmin_press,,긍정,0.9929346442222596
우리학교 후원 용평배 FIS FEC  알파인 국제스키대회 성료,입력 2024.03.04 14:01,https://press.kookmin.ac.kr/news/articleView.html?idxno=103253,kookmin_press,,긍정,0.9717628955841064
"코드와이드 팀, 국민*창업경진대회 대상 수상",입력 2024.03.04 14:10,https://press.kookmin.ac.kr/news/articleView.html?idxno=103257,kookmin_press,,긍정,0.9365032315254213
국민대신문과 함께할 75기 수습기자를 모집합니다.,입력 2024.03.04 14:03,https://press.kookmin.ac.kr/news/articleView.html?idxno=103254,kookmin_press,,긍정,0.8328900337219238
대학 학생증의 변신…  오는 4월 공모전 시행 예정,입력 2024.03.04 13:59,https://press.kookmin.ac.kr/news/articleView.html?idxno=103251,kookmin_press,,긍정,0.988666534423828
"2024학년도 신·편입학 모집 완료,  국민프런티어 경쟁률 대폭 상승",입력 2024.03.04 13:56,https://press.kookmin.ac.kr/news/articleView.html?idxno=103249,kookmin_press,,긍정,0.891943097114563
"명원박물관, 국내 대학 최초로  도슨트 교육 프로그램 진행",입력 2024.03.04 13:57,https://press.kookmin.ac.kr/news/articleView.html?idxno=103250,kookmin_press,,긍정,0.9836824536323548
한국대학입학사정관협의회 회장에 최상은 책임입학사정관 당선,입력 2024.03.04 14:00,https://press.kookmin.ac.kr/news/articleView.html?idxno=103252,kookmin_press,,긍정,0.948868989944458
"등록금심의위원회, 2024 학부  등록금 전년 대비 동결 결정",입력 2024.03.04 13:53,https://press.kookmin.ac.kr/news/articleView.html?idxno=103247,kookmin_press,,긍정,0.6592604517936707
새 학기 달라지는 학사규정… 학습권 보장에 대한 기대감 커져,입력 2024.03.04 13:52,https://press.kookmin.ac.kr/news/articleView.html?idxno=103245,kookmin_press,,긍정,0.8933987617492676
2025학년도 무전공·자율전공 신설 계획 검토,입력 2024.03.04 13:53,https://press.kookmin.ac.kr/news/articleView.html?idxno=103246,kookmin_press,,긍정,0.7585398554801941
"국민대신문 1000호 축사 박상희 (전 편집장, 뉴스타파 기자)",입력 2024.03.04 13:45,https://press.kookmin.ac.kr/news/articleView.html?idxno=103243,kookmin_press,,긍정,0.9427210092544556
국민대신문 1000호 축사 김서현 (국민리뷰사 전 편집장),입력 2024.03.04 13:48,https://press.kookmin.ac.kr/news/articleView.html?idxno=103244,kookmin_press,,긍정,0.9907564520835876
"국민대신문 1000호 축사 서태원 (필밭회장, 한국경제신문상부)",입력 2024.03.04 13:37,https://press.kookmin.ac.kr/news/articleView.html?idxno=103240,kookmin_press,,긍정,0.9825608134269714
"국민대신문 1000호 축사 김혜령 (국민대방송국 실무국장), 박수진 (국민대방송국 사무국장)",입력 2024.03.04 13:43,https://press.kookmin.ac.kr/news/articleView.html?idxno=103242,kookmin_press,,긍정,0.993540346622467
국민대신문 1000호 축사 신연경 (서울권대학언론 연합회장),입력 2024.03.04 13:39,https://press.kookmin.ac.kr/news/articleView.html?idxno=103241,kookmin_press,,긍정,0.9898401498794556
국민대신문 1000호 축사 정승렬 총장,입력 2024.03.04 13:30,https://press.kookmin.ac.kr/news/articleView.html?idxno=103238,kookmin_press,,긍정,0.992750883102417
국민대신문 1000호 축사 이창현 교수 (전 주간교수),입력 2024.03.04 13:33,https://press.kookmin.ac.kr/news/articleView.html?idxno=103239,kookmin_press,,긍정,0.9452361464500428
한국 최고의 기업가 정신 대학을 향한 우리의 여정에 함께해주세요!,입력 2023.11.27 14:21,https://press.kookmin.ac.kr/news/articleView.html?idxno=103194,kookmin_press,,긍정,0.9119362831115724
"때아닌 빈대 확산,  우리학교와 성북구의 방제 방안은?",입력 2023.11.27 14:19,https://press.kookmin.ac.kr/news/articleView.html?idxno=103191,kookmin_press,,긍정,0.6858920454978943
학위수여식 축사,입력 2024.03.04 13:25,https://press.kookmin.ac.kr/news/articleView.html?idxno=103237,kookmin_press,,긍정,0.9913921356201172
"우리학교 광고홍보학전공,  '대학생 금연캠페인 기획 공모전'   대상 수상",입력 2023.11.27 14:20,https://press.kookmin.ac.kr/news/articleView.html?idxno=103192,kookmin_press,,긍정,0.9592692255973816
2023년 제48회 북악문화상 [광고 부문] <박카스 29초 광고> 킥 김찬영(가작),입력 2023.11.27 16:09,https://press.kookmin.ac.kr/news/articleView.html?idxno=103216,kookmin_press,,긍정,0.6714340448379517
맛있는 도전! 우리학교 요리왕을 찾아라!,입력 2023.11.27 14:16,https://press.kookmin.ac.kr/news/articleView.html?idxno=103187,kookmin_press,음식물 쓰레기 저감,긍정,0.916741669178009
"김주은 교수,  대한약학회 약학기술인상 수상",입력 2023.11.27 14:12,https://press.kookmin.ac.kr/news/articleView.html?idxno=103185,kookmin_press,,긍정,0.9431205987930298
"종강 이전 학사일정,  잘 살피고 잘 챙기자",입력 2023.11.27 14:16,https://press.kookmin.ac.kr/news/articleView.html?idxno=103188,kookmin_press,,부정,0.6004788875579834
"'우리'를 지키기 위한 노력,  생명지킴이 양성교육 진행",입력 2023.11.27 14:17,https://press.kookmin.ac.kr/news/articleView.html?idxno=103189,kookmin_press,,긍정,0.976982831954956
2023 북악리그 E-Sports 대회  부실 운영 논란,입력 2023.11.27 14:13,https://press.kookmin.ac.kr/news/articleView.html?idxno=103186,kookmin_press,,부정,0.6148919463157654
"우리학교, 2023 중앙일보  대학평가에서 종합 16위 달성",입력 2023.11.27 14:09,https://press.kookmin.ac.kr/news/articleView.html?idxno=103183,kookmin_press,,긍정,0.981541872024536
"기후변화대응사업단, 다양한 기후환경포럼 개최",입력 2023.11.27 14:11,https://press.kookmin.ac.kr/news/articleView.html?idxno=103184,kookmin_press,"ESG 비교과 프로그램 개발 및 운영,ESG 교육과정 및 교수학습 방법",긍정,0.92236590385437
외국인 유학생을 위한 'A+받는 학습법 특강' 진행,입력 2023.11.27 14:08,https://press.kookmin.ac.kr/news/articleView.html?idxno=103182,kookmin_press,,긍정,0.9837210178375244
어려움 겪는 학생자치… 학교 구성원들의 의견을 묻다,입력 2023.11.27 14:07,https://press.kookmin.ac.kr/news/articleView.html?idxno=103181,kookmin_press,,긍정,0.7549141049385071
"2023 동계 현장실습 신청,  11월 13일부터 시작",입력 2023.11.06 13:39,https://press.kookmin.ac.kr/news/articleView.html?idxno=103135,kookmin_press,,긍정,0.974817991256714
국민대학교 개교 제77주년 기념사,입력 2023.11.06 13:52,https://press.kookmin.ac.kr/news/articleView.html?idxno=103139,kookmin_press,,긍정,0.990617334842682
"예술대학 음악학부, 10월 한 달간 다채로운 공연 진행",입력 2023.11.06 13:26,https://press.kookmin.ac.kr/news/articleView.html?idxno=103128,kookmin_press,,긍정,0.9572782516479492
학습권 존중을 위해  수업 태도와 시설 점검 필요하다,입력 2023.11.06 13:28,https://press.kookmin.ac.kr/news/articleView.html?idxno=103129,kookmin_press,,부정,0.6360120177268982
조형대학 7개 학과 졸업전시회 잇따라 열려,입력 2023.11.06 13:29,https://press.kookmin.ac.kr/news/articleView.html?idxno=103130,kookmin_press,,긍정,0.8353555798530579
"우리학교, 77주년 개교기념식 개최",입력 2023.11.06 13:22,https://press.kookmin.ac.kr/news/articleView.html?idxno=103126,kookmin_press,,긍정,0.9714319109916688
"이석묵 교수 연구팀, 범코로나19 치료 이중항체 플랫폼 개발",입력 2023.11.06 13:38,https://press.kookmin.ac.kr/news/articleView.html?idxno=103134,kookmin_press,,긍정,0.983189344406128
"제56대 총학생회장단 선거 무산, 비대위 체제로 전환 예정",입력 2023.11.06 13:23,https://press.kookmin.ac.kr/news/articleView.html?idxno=103127,kookmin_press,,긍정,0.6087582111358643
따뜻한 겨울을 선물한 생협의 15번째 사랑의 연탄 나눔,입력 2023.11.06 13:20,https://press.kookmin.ac.kr/news/articleView.html?idxno=103125,kookmin_press,,긍정,0.9926801919937134
"학생들의 '천원의 아침밥',  정말 등산객들이 이용할까?",입력 2023.11.06 13:19,https://press.kookmin.ac.kr/news/articleView.html?idxno=103124,kookmin_press,,긍정,0.8407596349716187
"진로지원센터, 학과(전공)  진로동아리 팀원 모집 완료",입력 2023.10.11 09:47,https://press.kookmin.ac.kr/news/articleView.html?idxno=103106,kookmin_press,,긍정,0.9679187536239624
"성곡도서관, 성곡 세계 문학의  숲 100 특강 진행",입력 2023.10.11 09:49,https://press.kookmin.ac.kr/news/articleView.html?idxno=103107,kookmin_press,,긍정,0.9820193648338318
산학협력단  '지식재산경영 우수기관' 선정,입력 2023.10.11 09:41,https://press.kookmin.ac.kr/news/articleView.html?idxno=103103,kookmin_press,,긍정,0.9460775852203368
"우리학교, 전국 남·여 대학유도 연맹전에서 금·동메달 획득",입력 2023.10.11 09:46,https://press.kookmin.ac.kr/news/articleView.html?idxno=103105,kookmin_press,,긍정,0.9861428141593932
생성형 침입 방지 보안기술 '깁스' 개발 성공,입력 2023.10.11 09:41,https://press.kookmin.ac.kr/news/articleView.html?idxno=103102,kookmin_press,,긍정,0.982333242893219
제16차 정기 전학대회 개최...  초유의 부총학생회장 사퇴안 상정,입력 2023.10.11 09:45,https://press.kookmin.ac.kr/news/articleView.html?idxno=103104,kookmin_press,,부정,0.5005349516868591
"교내 시설 대관에 대한 불만, 해결할 방법은 없나?",입력 2023.10.11 09:37,https://press.kookmin.ac.kr/news/articleView.html?idxno=103099,kookmin_press,,긍정,0.7580248713493347
"대학혁신지원사업 평가 결과,  최고 등급인 S등급",입력 2023.10.11 09:39,https://press.kookmin.ac.kr/news/articleView.html?idxno=103101,kookmin_press,,긍정,0.9893447756767272
"따뜻한 나눔의 장, '중고로운 체대나라' 진행",입력 2023.10.11 09:38,https://press.kookmin.ac.kr/news/articleView.html?idxno=103100,kookmin_press,,긍정,0.930544376373291
"경력개발지원단, 2학기 대기업  직무적성검사 특강 진행",입력 2023.09.20 10:43,https://press.kookmin.ac.kr/news/articleView.html?idxno=103078,kookmin_press,,긍정,0.9833815097808838
전임교원 인사발령 내역,입력 2023.09.20 09:45,https://press.kookmin.ac.kr/news/articleView.html?idxno=103065,kookmin_press,,긍정,0.5175936222076416
"'개척자들'의 향연, 회화전공 연합전시",입력 2023.09.20 09:44,https://press.kookmin.ac.kr/news/articleView.html?idxno=103064,kookmin_press,,긍정,0.9712018370628356
직원 인사발령 내역,입력 2023.09.20 09:39,https://press.kookmin.ac.kr/news/articleView.html?idxno=103061,kookmin_press,회계의 투명성 관리,부정,0.6351252198219299
"변경된 학생증 관련 공지, 실물 학생증 꼭 필요할까?",입력 2023.09.20 09:37,https://press.kookmin.ac.kr/news/articleView.html?idxno=103060,kookmin_press,,긍정,0.849917471408844
"경력개발지원단, 계열별 맞춤  자기소개서 특강 개최",입력 2023.09.20 09:41,https://press.kookmin.ac.kr/news/articleView.html?idxno=103062,kookmin_press,,긍정,0.8572983145713806
"내 인생을 디자인하다, 캠퍼스타운 아카데미 2학기 프로그램 개최",입력 2023.09.20 09:42,https://press.kookmin.ac.kr/news/articleView.html?idxno=103063,kookmin_press,,긍정,0.973988115787506
무허가 전단물로 몸살 앓는  우리학교... 세심한 관리 필요해,입력 2023.09.20 09:31,https://press.kookmin.ac.kr/news/articleView.html?idxno=103057,kookmin_press,,부정,0.9405781030654908
"명원박물관, '조선의 TALK톡' 진행",입력 2023.09.20 09:34,https://press.kookmin.ac.kr/news/articleView.html?idxno=103059,kookmin_press,,긍정,0.9354065656661988
제 48회 북악문화상,입력 2023.09.01 09:28,https://press.kookmin.ac.kr/news/articleView.html?idxno=103018,kookmin_press,,긍정,0.7048544883728027
"우리학교, 서울 자치구 최초의 탄소중립  지원센터 운영 전담",입력 2023.09.20 09:33,https://press.kookmin.ac.kr/news/articleView.html?idxno=103058,kookmin_press,,긍정,0.9149110317230223
"더 큰 꿈을 향해, 2022학년도  후기 학위수여식 진행",입력 2023.09.01 09:24,https://press.kookmin.ac.kr/news/articleView.html?idxno=103016,kookmin_press,,긍정,0.960548222064972
"우리학교, SK이노베이션과 손잡고 DDP에서  친환경을 디자인하다",입력 2023.09.01 09:19,https://press.kookmin.ac.kr/news/articleView.html?idxno=103014,kookmin_press,"ESG 관련 캠페인,지역사회 ESG 파트너십,청정 재생에너지,에너지 사용 절감 및 체계적 관리,폐기물 배출",긍정,0.9378883838653564
환경과 미래에 희망을 심다. '탄소흡수원 특성화 대학원' 선정,입력 2023.09.01 09:16,https://press.kookmin.ac.kr/news/articleView.html?idxno=103011,kookmin_press,,긍정,0.988714039325714
압구정 셔틀 재개... 現 셔틀버스 시스템 개선 필요,입력 2023.09.01 09:15,https://press.kookmin.ac.kr/news/articleView.html?idxno=103009,kookmin_press,,긍정,0.8827294707298279
"파리올림픽에 이원재 교수 기술 채택, 태권도 기술 종주국 자리도 꿰차",입력 2023.09.01 09:16,https://press.kookmin.ac.kr/news/articleView.html?idxno=103010,kookmin_press,,긍정,0.9801620244979858
'제39회 국민대 총장배 전국 대학 아마추어 농구대회' 'KUBA 여자부' 3위 수상,입력 2023.09.01 09:21,https://press.kookmin.ac.kr/news/articleView.html?idxno=103015,kookmin_press,,긍정,0.987261950969696
"'한마음 레이디스'와 여자 축구,  한 걸음 더 앞으로 나아가다",입력 2023.09.01 09:13,https://press.kookmin.ac.kr/news/articleView.html?idxno=103008,kookmin_press,,긍정,0.9878210425376892
제13대 총장에 정승렬 교수 선임,입력 2023.09.01 09:12,https://press.kookmin.ac.kr/news/articleView.html?idxno=103007,kookmin_press,,긍정,0.9786079525947572
종로구와 함께하는 2023 공간아카데미,입력 2023.09.01 09:11,https://press.kookmin.ac.kr/news/articleView.html?idxno=103006,kookmin_press,,긍정,0.9693936109542848
중국인문사회연구소 성북구청과 성북열린 시민대학 특강 진행,입력 2023.06.05 09:19,https://press.kookmin.ac.kr/news/articleView.html?idxno=102987,kookmin_press,,긍정,0.9070114493370056
인문사회&이공계열 모두를 넘나들어 주관대학 선정된 우리학교,입력 2023.09.01 09:10,https://press.kookmin.ac.kr/news/articleView.html?idxno=103005,kookmin_press,"ESG 교육과정 및 교수학습 방법,ESG 비교과 프로그램 개발 및 운영,ESG 관련 학생 동아리,ESG 관련 캠페인,지역사회 ESG 파트너십",긍정,0.9507448077201844
"학생생활상담센터, 마음건강지원 일상회복 프로그램 시작해",입력 2023.06.05 09:21,https://press.kookmin.ac.kr/news/articleView.html?idxno=102988,kookmin_press,,긍정,0.9270997643470764
"총학생회 총장 선임 결의문 발표,  학생 목소리 반영 필요해...",입력 2023.06.05 09:12,https://press.kookmin.ac.kr/news/articleView.html?idxno=102984,kookmin_press,,긍정,0.8918660879135132
"생활협동조합, 제12차 정기 대의원총회 개최",입력 2023.06.05 09:16,https://press.kookmin.ac.kr/news/articleView.html?idxno=102985,kookmin_press,,긍정,0.9107506275177002
"성북구청장, 민주광장에서  학생들과 자유토론 진행",입력 2023.06.05 09:17,https://press.kookmin.ac.kr/news/articleView.html?idxno=102986,kookmin_press,,긍정,0.8781265616416931
"화합의 시너지, '한국-캐나다 수교 60주년 기념 음악회' 열려",입력 2023.06.05 09:11,https://press.kookmin.ac.kr/news/articleView.html?idxno=102983,kookmin_press,,긍정,0.9673654437065125
공연예술학부 무용전공 동화발레 <백조의 호수> 공연 성료,입력 2023.06.05 09:09,https://press.kookmin.ac.kr/news/articleView.html?idxno=102982,kookmin_press,,긍정,0.9899818301200868
2023 하반기 K-장기 현장실습  프로젝트 참가자 모집,입력 2023.05.15 10:18,https://press.kookmin.ac.kr/news/articleView.html?idxno=102965,kookmin_press,,긍정,0.9453387260437012
"이색적인 단과대학 체육대회, 5월 한 달간 개최",입력 2023.06.05 09:07,https://press.kookmin.ac.kr/news/articleView.html?idxno=102981,kookmin_press,,긍정,0.8721389174461365
총학생회 출범 후 첫 전학대회 개최,입력 2023.05.15 10:00,https://press.kookmin.ac.kr/news/articleView.html?idxno=102963,kookmin_press,,긍정,0.6841716170310974
"'국대 그시절,'  뜨거웠던 우리들의 대동제",입력 2023.06.05 09:07,https://press.kookmin.ac.kr/news/articleView.html?idxno=102980,kookmin_press,,긍정,0.9849570989608764
명원박물관 '춘계 TEAGARDEN FESTIVAL' 개최,입력 2023.05.15 09:58,https://press.kookmin.ac.kr/news/articleView.html?idxno=102962,kookmin_press,,긍정,0.9016903042793274
"융합형 인재 양성의 현재진행형, '융합DAY' 특강 개최",입력 2023.05.15 09:55,https://press.kookmin.ac.kr/news/articleView.html?idxno=102960,kookmin_press,,긍정,0.8480918407440186
LOAS 학습클리닉 진행,입력 2023.05.15 09:54,https://press.kookmin.ac.kr/news/articleView.html?idxno=102959,kookmin_press,,긍정,0.9473363161087036
쿠민 과의 작별인사...  우리학교를 대표할 다음 캐릭터는?,입력 2023.05.15 09:57,https://press.kookmin.ac.kr/news/articleView.html?idxno=102961,kookmin_press,,부정,0.8116037249565125
정릉 주민과 함께한  KMU SYMPHONIC WIND ORCHESTRA,입력 2023.05.15 09:53,https://press.kookmin.ac.kr/news/articleView.html?idxno=102958,kookmin_press,,긍정,0.9907132387161256
다양한 국적이 모여 하나의 목소리를 이루는  외국인 합창단 PROMISE,입력 2023.05.15 09:52,https://press.kookmin.ac.kr/news/articleView.html?idxno=102957,kookmin_press,,긍정,0.959198832511902
5월 30일부터 계절학기 수강신청,입력 2023.05.15 09:49,https://press.kookmin.ac.kr/news/articleView.html?idxno=102955,kookmin_press,,긍정,0.7940418124198914
"예비군 학생 대상 녹화강의 제공,  적극적 논의 필요해",입력 2023.05.15 09:51,https://press.kookmin.ac.kr/news/articleView.html?idxno=102956,kookmin_press,,긍정,0.7129863500595093
성곡도서관 멀티미디어정보실  우수 이용자 시상,입력 2023.05.15 09:48,https://press.kookmin.ac.kr/news/articleView.html?idxno=102954,kookmin_press,,긍정,0.947173833847046
"이원재 교수, 학생들과 함께  대학 강의용 도핑방지 교재 개발",입력 2023.04.10 09:44,https://press.kookmin.ac.kr/news/articleView.html?idxno=102909,kookmin_press,,긍정,0.9830842614173888
"외국인유학생지원센터, 외국인  유학생 학습지원 도우미 모집",입력 2023.05.15 09:47,https://press.kookmin.ac.kr/news/articleView.html?idxno=102953,kookmin_press,,긍정,0.8509702682495117
간식·기념품 증정 행사 '총장님이 쏜다!  시즌2' 통해 신입생 단체복 등 배부,입력 2023.05.15 09:46,https://press.kookmin.ac.kr/news/articleView.html?idxno=102952,kookmin_press,,긍정,0.9544409513473512
3년 만에 대면으로 개최된 동아리박람회,입력 2023.04.10 09:39,https://press.kookmin.ac.kr/news/articleView.html?idxno=102904,kookmin_press,,긍정,0.983164370059967
천원의 아침밥  우리학교도 시행,입력 2023.05.15 09:45,https://press.kookmin.ac.kr/news/articleView.html?idxno=102951,kookmin_press,,긍정,0.9760412573814392
"생활관식당, 월 단위 석식 급식제도 시범운영",입력 2023.04.10 09:38,https://press.kookmin.ac.kr/news/articleView.html?idxno=102903,kookmin_press,,긍정,0.934959590435028
2023 캠퍼스타운 창업경진대회 개최,입력 2023.04.10 09:43,https://press.kookmin.ac.kr/news/articleView.html?idxno=102908,kookmin_press,,긍정,0.9655810594558716
"학생생활상담센터, 내맘돌보미 온라인 챌린지 운영",입력 2023.04.10 09:40,https://press.kookmin.ac.kr/news/articleView.html?idxno=102905,kookmin_press,,긍정,0.965484380722046
북악정치포럼 올해 첫 강연 진행,입력 2023.03.20 11:05,https://press.kookmin.ac.kr/news/articleView.html?idxno=102853,kookmin_press,,긍정,0.9728729724884032
"챗GPT가 바꾼 대학가의 흐름,  선도하는 우리학교",입력 2023.04.10 09:34,https://press.kookmin.ac.kr/news/articleView.html?idxno=102900,kookmin_press,,긍정,0.9638957977294922
"선거운동본부 '아워',  제55대 총학생회장 보궐선거 당선",입력 2023.04.10 09:36,https://press.kookmin.ac.kr/news/articleView.html?idxno=102901,kookmin_press,,긍정,0.9129807949066162
"4월 11일부터 제1전공 신청/변경, 다전공 신청 접수 시작",입력 2023.04.10 09:37,https://press.kookmin.ac.kr/news/articleView.html?idxno=102902,kookmin_press,,긍정,0.831096887588501
"취업 지원센터,  '상반기 취업 올인원 11기' 프로그램 진행",입력 2023.03.20 11:04,https://press.kookmin.ac.kr/news/articleView.html?idxno=102852,kookmin_press,,긍정,0.9828290343284608
제55회 총학생회 보궐선거 실시,입력 2023.03.20 11:03,https://press.kookmin.ac.kr/news/articleView.html?idxno=102851,kookmin_press,,긍정,0.8898550271987915
혁신공유대학 가상환경 기반  자율주행 경진대회 개최,입력 2023.03.20 10:57,https://press.kookmin.ac.kr/news/articleView.html?idxno=102847,kookmin_press,,긍정,0.889492392539978
"학교 생활관, 보다 더 쾌적한  공간을 위한 노력 필요해",입력 2023.03.20 11:03,https://press.kookmin.ac.kr/news/articleView.html?idxno=102850,kookmin_press,,부정,0.9090624451637268
2023 학생처장기 북악리그 개막,입력 2023.03.20 10:58,https://press.kookmin.ac.kr/news/articleView.html?idxno=102848,kookmin_press,,긍정,0.9836745262145996
학령인구 감소에 늘어난  신입생 추가 모집,입력 2023.03.20 10:54,https://press.kookmin.ac.kr/news/articleView.html?idxno=102845,kookmin_press,,긍정,0.8866158127784729
"4년 만에 열린 대면 입학식, 성공적으로 개최",입력 2023.03.20 10:56,https://press.kookmin.ac.kr/news/articleView.html?idxno=102846,kookmin_press,,긍정,0.9776376485824584
입학식 축사,입력 2023.02.28 13:11,https://press.kookmin.ac.kr/news/articleView.html?idxno=102800,kookmin_press,,긍정,0.9939340949058532
학위수여식 기념사,입력 2023.02.28 13:10,https://press.kookmin.ac.kr/news/articleView.html?idxno=102799,kookmin_press,,긍정,0.9708291888237
학위수여식 축사,입력 2023.02.28 13:09,https://press.kookmin.ac.kr/news/articleView.html?idxno=102798,kookmin_press,,긍정,0.9917914867401124
2023년도 교내 대회 및 교육프로그램 총정리,입력 2023.02.27 14:28,https://press.kookmin.ac.kr/news/articleView.html?idxno=102787,kookmin_press,,긍정,0.8407681584358215
'성곡 글로벌 가족' 멘토링 8기 진행,입력 2023.02.27 13:55,https://press.kookmin.ac.kr/news/articleView.html?idxno=102783,kookmin_press,취약계층 지원강화,긍정,0.9670772552490234
2023학년도 신·편입학 모집 완료,입력 2023.02.27 13:57,https://press.kookmin.ac.kr/news/articleView.html?idxno=102784,kookmin_press,,긍정,0.9085124731063844
"성곡도서관, PressReader 도입",입력 2023.02.27 13:54,https://press.kookmin.ac.kr/news/articleView.html?idxno=102782,kookmin_press,,긍정,0.9746062159538268
"정문 앞 신호 없는 횡단보도, 사고로 이어질 수 있어",입력 2023.02.27 13:51,https://press.kookmin.ac.kr/news/articleView.html?idxno=102780,kookmin_press,,긍정,0.8064018487930298
"우리학교, 우즈베키스탄 타슈켄트대학에  융합형 IT학과 신설",입력 2023.02.27 13:53,https://press.kookmin.ac.kr/news/articleView.html?idxno=102781,kookmin_press,,긍정,0.9528477787971495
대면 총학생회 새내기배움터 개최,입력 2023.02.27 13:48,https://press.kookmin.ac.kr/news/articleView.html?idxno=102778,kookmin_press,,긍정,0.9734202027320862
"국희와 드림멘토, 새내기 캠퍼스 투어 공동주최",입력 2023.02.27 13:50,https://press.kookmin.ac.kr/news/articleView.html?idxno=102779,kookmin_press,,긍정,0.8484252691268921
2023학년도 수시모집 최종 합격자 발표,입력 2023.01.02 13:13,https://press.kookmin.ac.kr/news/articleView.html?idxno=102753,kookmin_press,,긍정,0.8507091403007507
미래자동차 혁신공유대학 사업 성과발표회 개최,입력 2023.01.02 13:10,https://press.kookmin.ac.kr/news/articleView.html?idxno=102752,kookmin_press,,긍정,0.9386624097824096
대학일자리플러스센터 연차성과평가 최고등급 달성,입력 2023.02.27 13:47,https://press.kookmin.ac.kr/news/articleView.html?idxno=102777,kookmin_press,,긍정,0.5716766119003296
이젠 강의실에서도 마스크 벗는다,입력 2023.02.27 13:46,https://press.kookmin.ac.kr/news/articleView.html?idxno=102776,kookmin_press,,긍정,0.8831605911254883
"올빼미버스 N31,  국민대 경유로 학생들 편의 증진",입력 2023.01.02 13:14,https://press.kookmin.ac.kr/news/articleView.html?idxno=102754,kookmin_press,,긍정,0.9776911735534668
"배달 많은 우리학교,  음식물 쓰레기 문제 심각",입력 2023.01.02 13:09,https://press.kookmin.ac.kr/news/articleView.html?idxno=102751,kookmin_press,,긍정,0.9230297803878784
"전자시스템공학전공, 산업계관점  대학평가 '최우수 대학' 선정",입력 2023.01.02 13:06,https://press.kookmin.ac.kr/news/articleView.html?idxno=102750,kookmin_press,,긍정,0.9158697128295898
2022 중앙일보 대학평가에서 종합 18위,입력 2023.01.02 12:59,https://press.kookmin.ac.kr/news/articleView.html?idxno=102747,kookmin_press,,긍정,0.9431814551353456
2023학년도 상반기  'K-장기 현장실습' 운영,입력 2023.01.02 13:05,https://press.kookmin.ac.kr/news/articleView.html?idxno=102749,kookmin_press,,긍정,0.940520405769348
동계 취업 멘토링 프로그램 모집,입력 2023.01.02 13:01,https://press.kookmin.ac.kr/news/articleView.html?idxno=102748,kookmin_press,취약계층 지원강화,긍정,0.9438621401786804
교내 시설 사용 의식 개선돼야...,입력 2023.01.02 12:57,https://press.kookmin.ac.kr/news/articleView.html?idxno=102746,kookmin_press,,부정,0.7464689612388611
신년사,입력 2023.01.02 12:50,https://press.kookmin.ac.kr/news/articleView.html?idxno=102745,kookmin_press,ESG 위원회 조직,긍정,0.9860652685165404
